dwell,flight,error,speed,emotion
98.72727272727273,96.625,0,2.9330726157674873,stres
80.14285714285714,341.8333333333333,0,1.1892626571525653,netral
